<?xml version="1.0" encoding="UTF-8"?>
<plugin>
  <name>Wordpress Password Rehasher</name>
  <author>BangingHeads</author>
<!-- Feel free to include your github repo here -->
  <website>https://www.github.com/bangingheads</website>

<!-- the version of the plugin iteself -->
  <version>1.0.0</version>

<!-- release date of THIS version -->
  <release>January 10, 2023</release>

<!-- the last version of UserSpice you tested the plugin with -->
  <tested>5.5.2</tested>

<!-- What does your plugin do? -->
  <description>Converts Wordpress Passwords to UserSpice passwords on login</description>

  <!-- This is the launch button in the plugin manager. If it is blank or missing, Configure Plugin will show up. -->
    <button>Wordpress Rehasher</button>
</plugin>
